Marca temporal,Número de Señalética,Fecha,Hora,Cuadrilla,Latitud,Longitud,Fotografía (Antes),Fotografía (Después),Tipo de Modificación,Observaciones
2026-04-24 10:52:00,G1-20260424-0001,2026-04-24,10:52,GRUPO 1,-38.724541,-72.634140,fotos/G1_wsp_antes/IMG-20260424-WA0030.jpg,fotos/G1_wsp_despues/IMG-20260424-WA0043.jpg,Mantención de Señalética,
2026-04-24 11:49:00,G1-20260424-0002,2026-04-24,11:49,GRUPO 1,-38.724541,-72.634140,fotos/G1_wsp_antes/IMG-20260424-WA0044.jpg,fotos/G1_wsp_despues/IMG-20260424-WA0104.jpg,Mantención de Señalética,
2026-04-24 14:50:00,G1-20260424-0003,2026-04-24,14:50,GRUPO 1,-38.743687,-72.597092,fotos/G1_wsp_antes/IMG-20260424-WA0105.jpg,fotos/G1_wsp_despues/IMG-20260424-WA0160.jpg,Mantención de Señalética,
2026-04-24 17:13:00,G1-20260424-0004,2026-04-24,17:13,GRUPO 1,-38.746690,-72.600683,fotos/G1_wsp_antes/IMG-20260424-WA0161.jpg,fotos/G1_wsp_despues/IMG-20260424-WA0167.jpg,Mantención de Señalética,
2026-04-24 17:34:00,G1-20260424-0005,2026-04-24,17:34,GRUPO 1,-38.758133,-72.625626,fotos/G1_wsp_antes/IMG-20260424-WA0168.jpg,fotos/G1_wsp_despues/IMG-20260424-WA0182.jpg,Mantención de Señalética,
2026-04-24 18:12:00,G1-20260424-0006,2026-04-24,18:12,GRUPO 1,-38.754105,-72.646095,fotos/G1_wsp_antes/IMG-20260424-WA0183.jpg,fotos/G1_wsp_despues/IMG-20260424-WA0187.jpg,Mantención de Señalética,
2026-04-24 18:18:00,G1-20260424-0007,2026-04-24,18:18,GRUPO 1,-38.754078,-72.646057,fotos/G1_wsp_antes/IMG-20260424-WA0188.jpg,fotos/G1_wsp_despues/IMG-20260424-WA0201.jpg,Mantención de Señalética,
2026-04-27 09:03:00,G1-20260427-0008,2026-04-27,09:03,GRUPO 1,-38.718845,-72.648293,fotos/G1_wsp_antes/IMG-20260427-WA0010.jpg,fotos/G1_wsp_despues/IMG-20260427-WA0086.jpg,Mantención de Señalética,
2026-04-27 12:39:00,G1-20260427-0009,2026-04-27,12:39,GRUPO 1,-38.718815,-72.648087,fotos/G1_wsp_antes/IMG-20260427-WA0094.jpg,fotos/G1_wsp_despues/IMG-20260427-WA0110.jpg,Mantención de Señalética,
2026-04-27 15:10:00,G1-20260427-0010,2026-04-27,15:10,GRUPO 1,-38.738461,-72.591820,fotos/G1_wsp_antes/IMG-20260427-WA0119.jpg,,Mantención de Señalética,
2026-04-27 15:29:00,G1-20260427-0011,2026-04-27,15:29,GRUPO 1,-38.739773,-72.593559,fotos/G1_wsp_antes/IMG-20260427-WA0120.jpg,fotos/G1_wsp_despues/IMG-20260427-WA0124.jpg,Mantención de Señalética,
2026-04-27 15:45:00,G1-20260427-0012,2026-04-27,15:45,GRUPO 1,-38.739441,-72.593521,fotos/G1_wsp_antes/IMG-20260427-WA0126.jpg,fotos/G1_wsp_despues/IMG-20260427-WA0131.jpg,Mantención de Señalética,
2026-04-27 15:55:00,G1-20260427-0013,2026-04-27,15:55,GRUPO 1,-38.738953,-72.593147,fotos/G1_wsp_antes/IMG-20260427-WA0132.jpg,fotos/G1_wsp_despues/IMG-20260427-WA0135.jpg,Mantención de Señalética,
2026-04-27 16:05:00,G1-20260427-0014,2026-04-27,16:05,GRUPO 1,-38.739010,-72.593170,fotos/G1_wsp_antes/IMG-20260427-WA0136.jpg,fotos/G1_wsp_despues/IMG-20260427-WA0137.jpg,Mantención de Señalética,
2026-04-27 16:10:00,G1-20260427-0015,2026-04-27,16:10,GRUPO 1,-38.739346,-72.592049,fotos/G1_wsp_antes/IMG-20260427-WA0138.jpg,fotos/G1_wsp_despues/IMG-20260427-WA0144.jpg,Mantención de Señalética,
2026-04-27 16:29:00,G1-20260427-0016,2026-04-27,16:29,GRUPO 1,-38.739513,-72.592018,fotos/G1_wsp_antes/IMG-20260427-WA0145.jpg,fotos/G1_wsp_despues/IMG-20260427-WA0148.jpg,Mantención de Señalética,
2026-04-27 16:31:00,G1-20260427-0017,2026-04-27,16:31,GRUPO 1,-38.739811,-72.592285,fotos/G1_wsp_antes/IMG-20260427-WA0149.jpg,fotos/G1_wsp_despues/IMG-20260427-WA0150.jpg,Mantención de Señalética,
2026-04-27 16:33:00,G1-20260427-0018,2026-04-27,16:33,GRUPO 1,-38.739960,-72.592178,fotos/G1_wsp_antes/IMG-20260427-WA0151.jpg,fotos/G1_wsp_despues/IMG-20260427-WA0155.jpg,Mantención de Señalética,
2026-04-27 16:47:00,G1-20260427-0019,2026-04-27,16:47,GRUPO 1,-38.740108,-72.593056,fotos/G1_wsp_antes/IMG-20260427-WA0156.jpg,fotos/G1_wsp_despues/IMG-20260427-WA0159.jpg,Mantención de Señalética,
2026-04-27 16:49:00,G1-20260427-0020,2026-04-27,16:49,GRUPO 1,-38.740208,-72.592476,fotos/G1_wsp_antes/IMG-20260427-WA0160.jpg,fotos/G1_wsp_despues/IMG-20260427-WA0163.jpg,Mantención de Señalética,
2026-04-27 16:51:00,G1-20260427-0021,2026-04-27,16:51,GRUPO 1,-38.740013,-72.593246,fotos/G1_wsp_antes/IMG-20260427-WA0164.jpg,fotos/G1_wsp_despues/IMG-20260427-WA0167.jpg,Mantención de Señalética,
2026-04-27 16:54:00,G1-20260427-0022,2026-04-27,16:54,GRUPO 1,-38.739994,-72.593803,fotos/G1_wsp_antes/IMG-20260427-WA0168.jpg,fotos/G1_wsp_despues/IMG-20260427-WA0172.jpg,Mantención de Señalética,
2026-04-27 16:57:00,G1-20260427-0023,2026-04-27,16:57,GRUPO 1,-38.739929,-72.594398,fotos/G1_wsp_antes/IMG-20260427-WA0173.jpg,fotos/G1_wsp_despues/IMG-20260427-WA0176.jpg,Mantención de Señalética,
2026-04-27 17:21:00,G1-20260427-0024,2026-04-27,17:21,GRUPO 1,-38.739712,-72.595345,fotos/G1_wsp_antes/IMG-20260427-WA0178.jpg,fotos/G1_wsp_despues/IMG-20260427-WA0179.jpg,Mantención de Señalética,
2026-04-27 17:31:00,G1-20260427-0025,2026-04-27,17:31,GRUPO 1,-38.739559,-72.596550,,,Mantención de Señalética,
2026-04-27 17:34:00,G1-20260427-0026,2026-04-27,17:34,GRUPO 1,-38.739410,-72.596855,fotos/G1_wsp_antes/IMG-20260427-WA0180.jpg,fotos/G1_wsp_despues/IMG-20260427-WA0183.jpg,Mantención de Señalética,
2026-04-27 17:37:00,G1-20260427-0027,2026-04-27,17:37,GRUPO 1,-38.739399,-72.597115,fotos/G1_wsp_antes/IMG-20260427-WA0187.jpg,fotos/G1_wsp_despues/IMG-20260427-WA0186.jpg,Mantención de Señalética,
2026-04-27 17:44:00,G1-20260427-0028,2026-04-27,17:44,GRUPO 1,-38.739521,-72.597153,fotos/G1_wsp_antes/IMG-20260427-WA0190.jpg,,Mantención de Señalética,
2026-04-27 17:45:00,G1-20260427-0029,2026-04-27,17:45,GRUPO 1,-38.739353,-72.599052,fotos/G1_wsp_antes/IMG-20260427-WA0191.jpg,fotos/G1_wsp_despues/IMG-20260427-WA0192.jpg,Mantención de Señalética,
2026-04-27 17:47:00,G1-20260427-0030,2026-04-27,17:47,GRUPO 1,-38.739166,-72.599335,fotos/G1_wsp_antes/IMG-20260427-WA0193.jpg,fotos/G1_wsp_despues/IMG-20260427-WA0195.jpg,Mantención de Señalética,
2026-04-27 17:50:00,G1-20260427-0031,2026-04-27,17:50,GRUPO 1,-38.739136,-72.599319,,,Mantención de Señalética,
2026-04-28 05:48:00,G1-20260428-0032,2026-04-28,05:48,GRUPO 1,-38.738472,-72.596947,fotos/G1_wsp_antes/IMG-20260428-WA0007.jpg,fotos/G1_wsp_despues/IMG-20260428-WA0020.jpg,Mantención de Señalética,
2026-04-28 08:55:00,G1-20260428-0033,2026-04-28,08:55,GRUPO 1,-38.738498,-72.596962,fotos/G1_wsp_antes/IMG-20260428-WA0021.jpg,fotos/G1_wsp_despues/IMG-20260428-WA0037.jpg,Mantención de Señalética,
2026-04-28 09:15:00,G1-20260428-0034,2026-04-28,09:15,GRUPO 1,-38.738453,-72.596748,fotos/G1_wsp_antes/IMG-20260428-WA0038.jpg,fotos/G1_wsp_despues/IMG-20260428-WA0039.jpg,Mantención de Señalética,
2026-04-28 09:16:00,G1-20260428-0035,2026-04-28,09:16,GRUPO 1,-38.738644,-72.595871,fotos/G1_wsp_antes/IMG-20260428-WA0043.jpg,fotos/G1_wsp_despues/IMG-20260428-WA0048.jpg,Mantención de Señalética,
2026-04-28 09:24:00,G1-20260428-0036,2026-04-28,09:24,GRUPO 1,-38.738598,-72.595573,fotos/G1_wsp_antes/IMG-20260428-WA0049.jpg,fotos/G1_wsp_despues/IMG-20260428-WA0054.jpg,Mantención de Señalética,
2026-04-28 09:29:00,G1-20260428-0037,2026-04-28,09:29,GRUPO 1,-38.738743,-72.595116,fotos/G1_wsp_antes/IMG-20260428-WA0055.jpg,fotos/G1_wsp_despues/IMG-20260428-WA0056.jpg,Mantención de Señalética,
2026-04-28 09:30:00,G1-20260428-0038,2026-04-28,09:30,GRUPO 1,-38.738972,-72.593620,fotos/G1_wsp_antes/IMG-20260428-WA0057.jpg,fotos/G1_wsp_despues/IMG-20260428-WA0064.jpg,Mantención de Señalética,
2026-04-28 09:42:00,G1-20260428-0039,2026-04-28,09:42,GRUPO 1,-38.739449,-72.596077,fotos/G1_wsp_antes/IMG-20260428-WA0065.jpg,fotos/G1_wsp_despues/IMG-20260428-WA0069.jpg,Mantención de Señalética,
2026-04-28 09:54:00,G1-20260428-0040,2026-04-28,09:54,GRUPO 1,-38.738667,-72.595840,fotos/G1_wsp_antes/IMG-20260428-WA0070.jpg,fotos/G1_wsp_despues/IMG-20260428-WA0081.jpg,Mantención de Señalética,
2026-04-28 10:12:00,G1-20260428-0041,2026-04-28,10:12,GRUPO 1,-38.739105,-72.594719,fotos/G1_wsp_antes/IMG-20260428-WA0084.jpg,fotos/G1_wsp_despues/IMG-20260428-WA0082.jpg,Mantención de Señalética,
2026-04-28 10:16:00,G1-20260428-0042,2026-04-28,10:16,GRUPO 1,-38.739468,-72.594789,fotos/G1_wsp_antes/IMG-20260428-WA0085.jpg,fotos/G1_wsp_despues/IMG-20260428-WA0089.jpg,Mantención de Señalética,
2026-04-28 10:27:00,G1-20260428-0043,2026-04-28,10:27,GRUPO 1,-38.738697,-72.598656,fotos/G1_wsp_antes/IMG-20260428-WA0090.jpg,fotos/G1_wsp_despues/IMG-20260428-WA0091.jpg,Mantención de Señalética,
2026-04-28 10:27:00,G1-20260428-0044,2026-04-28,10:27,GRUPO 1,-38.738559,-72.598502,fotos/G1_wsp_antes/IMG-20260428-WA0092.jpg,fotos/G1_wsp_despues/IMG-20260428-WA0121.jpg,Mantención de Señalética,
2026-04-28 11:24:00,G1-20260428-0045,2026-04-28,11:24,GRUPO 1,-38.741173,-72.584900,fotos/G1_wsp_antes/IMG-20260428-WA0122.jpg,fotos/G1_wsp_despues/IMG-20260428-WA0123.jpg,Mantención de Señalética,
2026-04-28 11:25:00,G1-20260428-0046,2026-04-28,11:25,GRUPO 1,-38.741084,-72.585606,fotos/G1_wsp_antes/IMG-20260428-WA0124.jpg,,Mantención de Señalética,
2026-04-28 11:28:00,G1-20260428-0047,2026-04-28,11:28,GRUPO 1,-38.741230,-72.584816,fotos/G1_wsp_antes/IMG-20260428-WA0126.jpg,fotos/G1_wsp_despues/IMG-20260428-WA0129.jpg,Mantención de Señalética,
2026-04-28 11:33:00,G1-20260428-0048,2026-04-28,11:33,GRUPO 1,-38.741112,-72.585983,fotos/G1_wsp_antes/IMG-20260428-WA0130.jpg,,Mantención de Señalética,
2026-04-28 11:36:00,G1-20260428-0049,2026-04-28,11:36,GRUPO 1,-38.740978,-72.586740,fotos/G1_wsp_antes/IMG-20260428-WA0132.jpg,fotos/G1_wsp_despues/IMG-20260428-WA0137.jpg,Mantención de Señalética,
2026-04-28 11:57:00,G1-20260428-0050,2026-04-28,11:57,GRUPO 1,-38.740913,-72.587471,fotos/G1_wsp_antes/IMG-20260428-WA0138.jpg,,Mantención de Señalética,
2026-04-28 11:59:00,G1-20260428-0051,2026-04-28,11:59,GRUPO 1,-38.740837,-72.587875,fotos/G1_wsp_antes/IMG-20260428-WA0139.jpg,fotos/G1_wsp_despues/IMG-20260428-WA0140.jpg,Mantención de Señalética,
2026-04-28 12:00:00,G1-20260428-0052,2026-04-28,12:00,GRUPO 1,-38.740952,-72.587952,fotos/G1_wsp_antes/IMG-20260428-WA0142.jpg,fotos/G1_wsp_despues/IMG-20260428-WA0141.jpg,Mantención de Señalética,
2026-04-28 12:11:00,G1-20260428-0053,2026-04-28,12:11,GRUPO 1,-38.740715,-72.588120,fotos/G1_wsp_antes/IMG-20260428-WA0144.jpg,fotos/G1_wsp_despues/IMG-20260428-WA0147.jpg,Mantención de Señalética,
2026-04-28 12:22:00,G1-20260428-0054,2026-04-28,12:22,GRUPO 1,-38.740845,-72.588486,fotos/G1_wsp_antes/IMG-20260428-WA0148.jpg,fotos/G1_wsp_despues/IMG-20260428-WA0191.jpg,Mantención de Señalética,
2026-04-28 14:37:00,G1-20260428-0055,2026-04-28,14:37,GRUPO 1,-38.740646,-72.589249,fotos/G1_wsp_antes/IMG-20260428-WA0193.jpg,fotos/G1_wsp_despues/IMG-20260428-WA0194.jpg,Mantención de Señalética,
2026-04-28 14:43:00,G1-20260428-0056,2026-04-28,14:43,GRUPO 1,-38.740646,-72.589050,fotos/G1_wsp_antes/IMG-20260428-WA0195.jpg,fotos/G1_wsp_despues/IMG-20260428-WA0200.jpg,Mantención de Señalética,
2026-04-28 14:47:00,G1-20260428-0057,2026-04-28,14:47,GRUPO 1,-38.740726,-72.588737,fotos/G1_wsp_antes/IMG-20260428-WA0202.jpg,fotos/G1_wsp_despues/IMG-20260428-WA0222.jpg,Mantención de Señalética,
2026-04-28 15:33:00,G1-20260428-0058,2026-04-28,15:33,GRUPO 1,-38.735680,-72.607445,fotos/G1_wsp_antes/IMG-20260428-WA0225.jpg,,Mantención de Señalética,
2026-04-28 16:01:00,G1-20260428-0059,2026-04-28,16:01,GRUPO 1,-38.732819,-72.608475,fotos/G1_wsp_antes/IMG-20260428-WA0229.jpg,fotos/G1_wsp_despues/IMG-20260428-WA0234.jpg,Mantención de Señalética,
2026-04-28 16:21:00,G1-20260428-0060,2026-04-28,16:21,GRUPO 1,-38.739635,-72.589172,fotos/G1_wsp_antes/IMG-20260428-WA0235.jpg,fotos/G1_wsp_despues/IMG-20260428-WA0236.jpg,Mantención de Señalética,
2026-04-28 16:28:00,G1-20260428-0061,2026-04-28,16:28,GRUPO 1,-38.739482,-72.589013,fotos/G1_wsp_antes/IMG-20260428-WA0237.jpg,fotos/G1_wsp_despues/IMG-20260428-WA0239.jpg,Mantención de Señalética,
2026-04-28 16:33:00,G1-20260428-0062,2026-04-28,16:33,GRUPO 1,-38.739628,-72.589066,fotos/G1_wsp_antes/IMG-20260428-WA0243.jpg,fotos/G1_wsp_despues/IMG-20260428-WA0244.jpg,Mantención de Señalética,
2026-04-28 16:38:00,G1-20260428-0063,2026-04-28,16:38,GRUPO 1,-38.739758,-72.588730,fotos/G1_wsp_antes/IMG-20260428-WA0248.jpg,,Mantención de Señalética,
2026-04-29 11:37:00,G1-20260429-0064,2026-04-29,11:37,GRUPO 1,-38.739750,-72.588516,fotos/G1_wsp_antes/IMG-20260429-WA0049.jpg,fotos/G1_wsp_despues/IMG-20260429-WA0059.jpg,Mantención de Señalética,
2026-04-29 12:10:00,G1-20260429-0065,2026-04-29,12:10,GRUPO 1,-38.739681,-72.588379,fotos/G1_wsp_antes/IMG-20260429-WA0067.jpg,,Mantención de Señalética,
2026-04-29 12:20:00,G1-20260429-0066,2026-04-29,12:20,GRUPO 1,-38.739783,-72.588330,fotos/G1_wsp_antes/IMG-20260429-WA0068.jpg,fotos/G1_wsp_despues/IMG-20260429-WA0069.jpg,Mantención de Señalética,
2026-04-29 12:31:00,G1-20260429-0067,2026-04-29,12:31,GRUPO 1,-38.739780,-72.588547,fotos/G1_wsp_antes/IMG-20260429-WA0071.jpg,fotos/G1_wsp_despues/IMG-20260429-WA0125.jpg,Mantención de Señalética,
2026-04-29 16:28:00,G1-20260429-0068,2026-04-29,16:28,GRUPO 1,-38.739883,-72.587791,fotos/G1_wsp_antes/IMG-20260429-WA0126.jpg,fotos/G1_wsp_despues/IMG-20260429-WA0127.jpg,Mantención de Señalética,
2026-04-29 16:32:00,G1-20260429-0069,2026-04-29,16:32,GRUPO 1,-38.739754,-72.587944,fotos/G1_wsp_antes/IMG-20260429-WA0129.jpg,fotos/G1_wsp_despues/IMG-20260429-WA0131.jpg,Mantención de Señalética,
2026-04-29 16:34:00,G1-20260429-0070,2026-04-29,16:34,GRUPO 1,-38.739994,-72.587776,fotos/G1_wsp_antes/IMG-20260429-WA0132.jpg,fotos/G1_wsp_despues/IMG-20260429-WA0135.jpg,Mantención de Señalética,
2026-04-29 16:44:00,G1-20260429-0071,2026-04-29,16:44,GRUPO 1,-38.739838,-72.587555,fotos/G1_wsp_antes/IMG-20260429-WA0136.jpg,fotos/G1_wsp_despues/IMG-20260429-WA0142.jpg,Mantención de Señalética,
2026-04-29 16:49:00,G1-20260429-0072,2026-04-29,16:49,GRUPO 1,-38.740021,-72.587234,fotos/G1_wsp_antes/IMG-20260429-WA0146.jpg,fotos/G1_wsp_despues/IMG-20260429-WA0148.jpg,Mantención de Señalética,
2026-04-29 16:52:00,G1-20260429-0073,2026-04-29,16:52,GRUPO 1,-38.739914,-72.587112,fotos/G1_wsp_antes/IMG-20260429-WA0158.jpg,fotos/G1_wsp_despues/IMG-20260429-WA0161.jpg,Mantención de Señalética,
2026-04-29 17:00:00,G1-20260429-0074,2026-04-29,17:00,GRUPO 1,-38.740128,-72.586609,fotos/G1_wsp_antes/IMG-20260429-WA0162.jpg,fotos/G1_wsp_despues/IMG-20260429-WA0164.jpg,Mantención de Señalética,
2026-04-29 17:04:00,G1-20260429-0075,2026-04-29,17:04,GRUPO 1,-38.740105,-72.585442,fotos/G1_wsp_antes/IMG-20260429-WA0165.jpg,fotos/G1_wsp_despues/IMG-20260429-WA0173.jpg,Mantención de Señalética,
2026-04-29 17:08:00,G1-20260429-0076,2026-04-29,17:08,GRUPO 1,-38.740150,-72.585556,fotos/G1_wsp_antes/IMG-20260429-WA0174.jpg,fotos/G1_wsp_despues/IMG-20260429-WA0181.jpg,Mantención de Señalética,
2026-04-30 10:41:00,G1-20260430-0077,2026-04-30,10:41,GRUPO 1,-38.710861,-72.635666,fotos/G1_wsp_antes/IMG-20260430-WA0056.jpg,fotos/G1_wsp_despues/IMG-20260430-WA0219.jpg,Mantención de Señalética,
2026-05-04 08:41:00,G1-20260504-0078,2026-05-04,08:41,GRUPO 1,-38.726566,-72.612984,fotos/G1_wsp_antes/IMG-20260504-WA0009.jpg,fotos/G1_wsp_despues/IMG-20260504-WA0045.jpg,Mantención de Señalética,
2026-05-04 10:21:00,G1-20260504-0079,2026-05-04,10:21,GRUPO 1,-38.718040,-72.651329,fotos/G1_wsp_antes/IMG-20260504-WA0046.jpg,fotos/G1_wsp_despues/IMG-20260504-WA0048.jpg,Mantención de Señalética,
2026-05-04 10:29:00,G1-20260504-0080,2026-05-04,10:29,GRUPO 1,-38.725433,-72.629356,fotos/G1_wsp_antes/IMG-20260504-WA0049.jpg,fotos/G1_wsp_despues/IMG-20260504-WA0050.jpg,Mantención de Señalética,
2026-05-04 10:39:00,G1-20260504-0081,2026-05-04,10:39,GRUPO 1,-38.724091,-72.633148,fotos/G1_wsp_antes/IMG-20260504-WA0051.jpg,,Mantención de Señalética,
2026-05-04 10:52:00,G1-20260504-0082,2026-05-04,10:52,GRUPO 1,-38.721096,-72.644356,fotos/G1_wsp_antes/IMG-20260504-WA0059.jpg,,Mantención de Señalética,
2026-05-04 11:49:00,G1-20260504-0083,2026-05-04,11:49,GRUPO 1,-38.727940,-72.578186,fotos/G1_wsp_antes/IMG-20260504-WA0063.jpg,fotos/G1_wsp_despues/IMG-20260504-WA0069.jpg,Mantención de Señalética,
2026-05-04 12:18:00,G1-20260504-0084,2026-05-04,12:18,GRUPO 1,-38.727959,-72.578194,fotos/G1_wsp_antes/IMG-20260504-WA0075.jpg,fotos/G1_wsp_despues/IMG-20260504-WA0136.jpg,Mantención de Señalética,
2026-05-04 16:01:00,G1-20260504-0085,2026-05-04,16:01,GRUPO 1,-38.740376,-72.597733,fotos/G1_wsp_antes/IMG-20260504-WA0140.jpg,fotos/G1_wsp_despues/IMG-20260504-WA0139.jpg,Mantención de Señalética,
2026-05-04 16:08:00,G1-20260504-0086,2026-05-04,16:08,GRUPO 1,-38.740810,-72.595375,fotos/G1_wsp_antes/IMG-20260504-WA0142.jpg,fotos/G1_wsp_despues/IMG-20260504-WA0143.jpg,Mantención de Señalética,
2026-05-04 16:09:00,G1-20260504-0087,2026-05-04,16:09,GRUPO 1,-38.740711,-72.595184,fotos/G1_wsp_antes/IMG-20260504-WA0144.jpg,fotos/G1_wsp_despues/IMG-20260504-WA0148.jpg,Mantención de Señalética,
2026-05-04 16:16:00,G1-20260504-0088,2026-05-04,16:16,GRUPO 1,-38.740772,-72.595055,fotos/G1_wsp_antes/IMG-20260504-WA0149.jpg,fotos/G1_wsp_despues/IMG-20260504-WA0151.jpg,Mantención de Señalética,
2026-05-04 16:21:00,G1-20260504-0089,2026-05-04,16:21,GRUPO 1,-38.740879,-72.594933,fotos/G1_wsp_antes/IMG-20260504-WA0152.jpg,fotos/G1_wsp_despues/IMG-20260504-WA0153.jpg,Mantención de Señalética,
2026-05-04 16:22:00,G1-20260504-0090,2026-05-04,16:22,GRUPO 1,-38.740986,-72.594467,fotos/G1_wsp_antes/IMG-20260504-WA0155.jpg,fotos/G1_wsp_despues/IMG-20260504-WA0157.jpg,Mantención de Señalética,
2026-05-04 16:28:00,G1-20260504-0091,2026-05-04,16:28,GRUPO 1,-38.740631,-72.593712,fotos/G1_wsp_antes/IMG-20260504-WA0162.jpg,fotos/G1_wsp_despues/IMG-20260504-WA0163.jpg,Mantención de Señalética,
2026-05-04 16:29:00,G1-20260504-0092,2026-05-04,16:29,GRUPO 1,-38.740803,-72.593781,fotos/G1_wsp_antes/IMG-20260504-WA0164.jpg,fotos/G1_wsp_despues/IMG-20260504-WA0165.jpg,Mantención de Señalética,
2026-05-04 16:30:00,G1-20260504-0093,2026-05-04,16:30,GRUPO 1,-38.740925,-72.593826,fotos/G1_wsp_antes/IMG-20260504-WA0166.jpg,fotos/G1_wsp_despues/IMG-20260504-WA0168.jpg,Mantención de Señalética,
2026-05-04 16:31:00,G1-20260504-0094,2026-05-04,16:31,GRUPO 1,-38.741062,-72.593582,fotos/G1_wsp_antes/IMG-20260504-WA0169.jpg,fotos/G1_wsp_despues/IMG-20260504-WA0172.jpg,Mantención de Señalética,
2026-05-04 16:37:00,G1-20260504-0095,2026-05-04,16:37,GRUPO 1,-38.741188,-72.593033,fotos/G1_wsp_antes/IMG-20260504-WA0180.jpg,,Mantención de Señalética,
2026-05-04 17:09:00,G1-20260504-0096,2026-05-04,17:09,GRUPO 1,-38.741234,-72.592354,fotos/G1_wsp_antes/IMG-20260504-WA0181.jpg,fotos/G1_wsp_despues/IMG-20260504-WA0185.jpg,Mantención de Señalética,
2026-05-04 17:15:00,G1-20260504-0097,2026-05-04,17:15,GRUPO 1,-38.741192,-72.592033,fotos/G1_wsp_antes/IMG-20260504-WA0187.jpg,fotos/G1_wsp_despues/IMG-20260504-WA0190.jpg,Mantención de Señalética,
2026-05-04 17:24:00,G1-20260504-0098,2026-05-04,17:24,GRUPO 1,-38.741325,-72.592018,fotos/G1_wsp_antes/IMG-20260504-WA0191.jpg,fotos/G1_wsp_despues/IMG-20260504-WA0197.jpg,Mantención de Señalética,
2026-05-04 17:29:00,G1-20260504-0099,2026-05-04,17:29,GRUPO 1,-38.741364,-72.591339,fotos/G1_wsp_antes/IMG-20260504-WA0199.jpg,fotos/G1_wsp_despues/IMG-20260504-WA0202.jpg,Mantención de Señalética,
2026-05-04 17:35:00,G1-20260504-0100,2026-05-04,17:35,GRUPO 1,-38.741276,-72.591354,fotos/G1_wsp_antes/IMG-20260504-WA0203.jpg,fotos/G1_wsp_despues/IMG-20260504-WA0206.jpg,Mantención de Señalética,
2026-05-04 17:45:00,G1-20260504-0101,2026-05-04,17:45,GRUPO 1,-38.741322,-72.590691,fotos/G1_wsp_antes/IMG-20260504-WA0211.jpg,fotos/G1_wsp_despues/IMG-20260504-WA0212.jpg,Mantención de Señalética,
2026-05-04 17:52:00,G1-20260504-0102,2026-05-04,17:52,GRUPO 1,-38.741711,-72.589661,fotos/G1_wsp_antes/IMG-20260504-WA0213.jpg,fotos/G1_wsp_despues/IMG-20260504-WA0216.jpg,Mantención de Señalética,
2026-05-04 17:58:00,G1-20260504-0103,2026-05-04,17:58,GRUPO 1,-38.741714,-72.589325,fotos/G1_wsp_antes/IMG-20260504-WA0217.jpg,fotos/G1_wsp_despues/IMG-20260505-WA0003.jpg,Mantención de Señalética,
2026-05-04 18:10:00,G1-20260504-0104,2026-05-04,18:10,GRUPO 1,-38.742096,-72.587517,fotos/G1_wsp_antes/IMG-20260504-WA0226.jpg,,Mantención de Señalética,
2026-05-04 18:12:00,G1-20260504-0105,2026-05-04,18:12,GRUPO 1,-38.741920,-72.588081,fotos/G1_wsp_antes/IMG-20260504-WA0227.jpg,fotos/G1_wsp_despues/IMG-20260504-WA0230.jpg,Mantención de Señalética,
2026-05-04 18:16:00,G1-20260504-0106,2026-05-04,18:16,GRUPO 1,-38.742119,-72.587029,fotos/G1_wsp_antes/IMG-20260504-WA0231.jpg,fotos/G1_wsp_despues/IMG-20260504-WA0233.jpg,Mantención de Señalética,
2026-05-05 08:35:00,G1-20260505-0107,2026-05-05,08:35,GRUPO 1,-38.742149,-72.585884,fotos/G1_wsp_antes/IMG-20260505-WA0015.jpg,fotos/G1_wsp_despues/IMG-20260505-WA0018.jpg,Mantención de Señalética,
2026-05-05 09:15:00,G1-20260505-0108,2026-05-05,09:15,GRUPO 1,-38.742214,-72.586647,fotos/G1_wsp_antes/IMG-20260505-WA0019.jpg,fotos/G1_wsp_despues/IMG-20260505-WA0023.jpg,Mantención de Señalética,
2026-05-05 09:19:00,G1-20260505-0109,2026-05-05,09:19,GRUPO 1,-38.742184,-72.586571,fotos/G1_wsp_antes/IMG-20260505-WA0024.jpg,fotos/G1_wsp_despues/IMG-20260505-WA0043.jpg,Mantención de Señalética,
2026-05-05 10:11:00,G1-20260505-0110,2026-05-05,10:11,GRUPO 1,-38.741796,-72.585862,fotos/G1_wsp_antes/IMG-20260505-WA0044.jpg,fotos/G1_wsp_despues/IMG-20260505-WA0054.jpg,Mantención de Señalética,
2026-05-05 10:30:00,G1-20260505-0111,2026-05-05,10:30,GRUPO 1,-38.742970,-72.587799,fotos/G1_wsp_antes/IMG-20260505-WA0055.jpg,,Mantención de Señalética,
2026-05-05 10:31:00,G1-20260505-0112,2026-05-05,10:31,GRUPO 1,-38.743073,-72.587746,fotos/G1_wsp_antes/IMG-20260505-WA0056.jpg,fotos/G1_wsp_despues/IMG-20260505-WA0059.jpg,Mantención de Señalética,
2026-05-05 10:38:00,G1-20260505-0113,2026-05-05,10:38,GRUPO 1,-38.742748,-72.589020,fotos/G1_wsp_antes/IMG-20260505-WA0064.jpg,fotos/G1_wsp_despues/IMG-20260505-WA0069.jpg,Mantención de Señalética,
2026-05-05 10:52:00,G1-20260505-0114,2026-05-05,10:52,GRUPO 1,-38.742817,-72.589714,fotos/G1_wsp_antes/IMG-20260505-WA0073.jpg,fotos/G1_wsp_despues/IMG-20260505-WA0075.jpg,Mantención de Señalética,
2026-05-05 11:00:00,G1-20260505-0115,2026-05-05,11:00,GRUPO 1,-38.742672,-72.590080,fotos/G1_wsp_antes/IMG-20260505-WA0077.jpg,fotos/G1_wsp_despues/IMG-20260505-WA0079.jpg,Mantención de Señalética,
2026-05-05 11:03:00,G1-20260505-0116,2026-05-05,11:03,GRUPO 1,-38.742756,-72.589973,fotos/G1_wsp_antes/IMG-20260505-WA0082.jpg,fotos/G1_wsp_despues/IMG-20260505-WA0087.jpg,Mantención de Señalética,
2026-05-05 11:11:00,G1-20260505-0117,2026-05-05,11:11,GRUPO 1,-38.742546,-72.591057,fotos/G1_wsp_antes/IMG-20260505-WA0088.jpg,fotos/G1_wsp_despues/IMG-20260505-WA0091.jpg,Mantención de Señalética,
2026-05-05 11:16:00,G1-20260505-0118,2026-05-05,11:16,GRUPO 1,-38.742207,-72.591438,fotos/G1_wsp_antes/IMG-20260505-WA0092.jpg,fotos/G1_wsp_despues/IMG-20260505-WA0096.jpg,Mantención de Señalética,
2026-05-05 11:27:00,G1-20260505-0119,2026-05-05,11:27,GRUPO 1,-38.742306,-72.593079,fotos/G1_wsp_antes/IMG-20260505-WA0097.jpg,fotos/G1_wsp_despues/IMG-20260505-WA0101.jpg,Mantención de Señalética,
2026-05-05 11:32:00,G1-20260505-0120,2026-05-05,11:32,GRUPO 1,-38.742279,-72.593628,fotos/G1_wsp_antes/IMG-20260505-WA0102.jpg,fotos/G1_wsp_despues/IMG-20260505-WA0104.jpg,Mantención de Señalética,
2026-05-05 11:34:00,G1-20260505-0121,2026-05-05,11:34,GRUPO 1,-38.742023,-72.594055,fotos/G1_wsp_antes/IMG-20260505-WA0107.jpg,fotos/G1_wsp_despues/IMG-20260505-WA0113.jpg,Mantención de Señalética,
2026-05-05 11:38:00,G1-20260505-0122,2026-05-05,11:38,GRUPO 1,-38.741756,-72.595406,fotos/G1_wsp_antes/IMG-20260505-WA0114.jpg,,Mantención de Señalética,
2026-05-05 11:38:00,G1-20260505-0123,2026-05-05,11:38,GRUPO 1,-38.741844,-72.595390,fotos/G1_wsp_antes/IMG-20260505-WA0115.jpg,fotos/G1_wsp_despues/IMG-20260505-WA0118.jpg,Mantención de Señalética,
2026-05-05 11:41:00,G1-20260505-0124,2026-05-05,11:41,GRUPO 1,-38.741577,-72.595093,fotos/G1_wsp_antes/IMG-20260505-WA0120.jpg,fotos/G1_wsp_despues/IMG-20260505-WA0121.jpg,Mantención de Señalética,
2026-05-05 11:42:00,G1-20260505-0125,2026-05-05,11:42,GRUPO 1,-38.741516,-72.595268,fotos/G1_wsp_antes/IMG-20260505-WA0122.jpg,fotos/G1_wsp_despues/IMG-20260505-WA0123.jpg,Mantención de Señalética,
2026-05-05 11:46:00,G1-20260505-0126,2026-05-05,11:46,GRUPO 1,-38.741776,-72.596313,fotos/G1_wsp_antes/IMG-20260505-WA0124.jpg,fotos/G1_wsp_despues/IMG-20260505-WA0127.jpg,Mantención de Señalética,
2026-05-05 11:50:00,G1-20260505-0127,2026-05-05,11:50,GRUPO 1,-38.741676,-72.596497,fotos/G1_wsp_antes/IMG-20260505-WA0129.jpg,fotos/G1_wsp_despues/IMG-20260505-WA0133.jpg,Mantención de Señalética,
2026-05-05 11:57:00,G1-20260505-0128,2026-05-05,11:57,GRUPO 1,-38.741314,-72.598007,fotos/G1_wsp_antes/IMG-20260505-WA0134.jpg,,Mantención de Señalética,
2026-05-05 11:57:00,G1-20260505-0129,2026-05-05,11:57,GRUPO 1,-38.741640,-72.596747,fotos/G1_wsp_antes/IMG-20260505-WA0135.jpg,fotos/G1_wsp_despues/IMG-20260505-WA0136.jpg,Mantención de Señalética,
2026-05-05 11:59:00,G1-20260505-0130,2026-05-05,11:59,GRUPO 1,-38.741001,-72.597870,fotos/G1_wsp_antes/IMG-20260505-WA0137.jpg,fotos/G1_wsp_despues/IMG-20260505-WA0138.jpg,Mantención de Señalética,
2026-05-05 12:02:00,G1-20260505-0131,2026-05-05,12:02,GRUPO 1,-38.741516,-72.598343,fotos/G1_wsp_antes/IMG-20260505-WA0144.jpg,fotos/G1_wsp_despues/IMG-20260505-WA0145.jpg,Mantención de Señalética,
2026-05-05 12:09:00,G1-20260505-0132,2026-05-05,12:09,GRUPO 1,-38.741264,-72.598785,fotos/G1_wsp_antes/IMG-20260505-WA0146.jpg,fotos/G1_wsp_despues/IMG-20260505-WA0150.jpg,Mantención de Señalética,
2026-05-05 12:21:00,G1-20260505-0133,2026-05-05,12:21,GRUPO 1,-38.741245,-72.599903,fotos/G1_wsp_antes/IMG-20260505-WA0151.jpg,fotos/G1_wsp_despues/IMG-20260505-WA0228.jpg,Mantención de Señalética,
2026-05-06 08:20:00,G1-20260506-0134,2026-05-06,08:20,GRUPO 1,-38.741142,-72.593010,fotos/G1_wsp_antes/IMG-20260505-WA0012.jpg,fotos/G1_wsp_despues/IMG-20260506-WA0021.jpg,Mantención de Señalética,
2026-05-06 10:03:00,G1-20260506-0135,2026-05-06,10:03,GRUPO 1,-38.739677,-72.589668,fotos/G1_wsp_antes/IMG-20260506-WA0022.jpg,,Mantención de Señalética,
2026-05-06 10:05:00,G1-20260506-0136,2026-05-06,10:05,GRUPO 1,-38.740395,-72.590736,fotos/G1_wsp_antes/IMG-20260506-WA0026.jpg,fotos/G1_wsp_despues/IMG-20260506-WA0095.jpg,Mantención de Señalética,
2026-05-06 15:02:00,G1-20260506-0137,2026-05-06,15:02,GRUPO 1,-38.710155,-72.551224,fotos/G1_wsp_antes/IMG-20260506-WA0096.jpg,fotos/G1_wsp_despues/IMG-20260506-WA0097.jpg,Mantención de Señalética,
2026-05-06 15:17:00,G1-20260506-0138,2026-05-06,15:17,GRUPO 1,-38.708725,-72.550079,fotos/G1_wsp_antes/IMG-20260506-WA0098.jpg,fotos/G1_wsp_despues/IMG-20260506-WA0112.jpg,Mantención de Señalética,
2026-05-06 15:53:00,G1-20260506-0139,2026-05-06,15:53,GRUPO 1,-38.710190,-72.551254,fotos/G1_wsp_antes/IMG-20260506-WA0114.jpg,fotos/G1_wsp_despues/IMG-20260506-WA0120.jpg,Mantención de Señalética,
2026-05-06 16:45:00,G1-20260506-0140,2026-05-06,16:45,GRUPO 1,-38.742302,-72.586594,fotos/G1_wsp_antes/IMG-20260506-WA0124.jpg,,Mantención de Señalética,
2026-05-06 17:27:00,G1-20260506-0141,2026-05-06,17:27,GRUPO 1,-38.742386,-72.586143,,,Mantención de Señalética,
2026-05-07 09:16:00,G1-20260507-0142,2026-05-07,09:16,GRUPO 1,-38.740414,-72.590439,fotos/G1_wsp_antes/IMG-20260507-WA0011.jpg,fotos/G1_wsp_despues/IMG-20260507-WA0014.jpg,Mantención de Señalética,
2026-05-07 09:39:00,G1-20260507-0143,2026-05-07,09:39,GRUPO 1,-38.740517,-72.604416,fotos/G1_wsp_antes/IMG-20260507-WA0021.jpg,fotos/G1_wsp_despues/IMG-20260507-WA0023.jpg,Mantención de Señalética,
2026-05-07 09:57:00,G1-20260507-0144,2026-05-07,09:57,GRUPO 1,-38.740665,-72.604469,fotos/G1_wsp_antes/IMG-20260504-WA0049.jpg,fotos/G1_wsp_despues/IMG-20260507-WA0058.jpg,Mantención de Señalética,
2026-05-07 12:19:00,G1-20260507-0145,2026-05-07,12:19,GRUPO 1,-38.725475,-72.629303,fotos/G1_wsp_antes/IMG-20260507-WA0070.jpg,fotos/G1_wsp_despues/IMG-20260507-WA0074.jpg,Mantención de Señalética,
2026-05-07 12:58:00,G1-20260507-0146,2026-05-07,12:58,GRUPO 1,-38.724049,-72.633118,fotos/G1_wsp_antes/IMG-20260424-WA0109.jpg,fotos/G1_wsp_despues/IMG-20260507-WA0093.jpg,Mantención de Señalética,
2026-05-07 15:45:00,G1-20260507-0147,2026-05-07,15:45,GRUPO 1,-38.740734,-72.595047,fotos/G1_wsp_antes/IMG-20260507-WA0094.jpg,fotos/G1_wsp_despues/IMG-20260507-WA0117.jpg,Mantención de Señalética,
2026-05-07 16:45:00,G1-20260507-0148,2026-05-07,16:45,GRUPO 1,-38.740643,-72.584023,fotos/G1_wsp_antes/IMG-20260507-WA0118.jpg,,Mantención de Señalética,
2026-05-07 16:49:00,G1-20260507-0149,2026-05-07,16:49,GRUPO 1,-38.739571,-72.582489,fotos/G1_wsp_antes/IMG-20260507-WA0119.jpg,fotos/G1_wsp_despues/IMG-20260507-WA0120.jpg,Mantención de Señalética,
2026-05-07 17:05:00,G1-20260507-0150,2026-05-07,17:05,GRUPO 1,-38.739498,-72.582710,fotos/G1_wsp_antes/IMG-20260507-WA0121.jpg,fotos/G1_wsp_despues/IMG-20260507-WA0125.jpg,Mantención de Señalética,
2026-05-07 17:17:00,G1-20260507-0151,2026-05-07,17:17,GRUPO 1,-38.739475,-72.582329,fotos/G1_wsp_antes/IMG-20260507-WA0126.jpg,fotos/G1_wsp_despues/IMG-20260507-WA0127.jpg,Mantención de Señalética,
2026-05-08 08:11:00,G1-20260508-0152,2026-05-08,08:11,GRUPO 1,-38.740555,-72.584053,fotos/G1_wsp_antes/IMG-20260504-WA0185.jpg,fotos/G1_wsp_despues/IMG-20260508-WA0064.jpg,Mantención de Señalética,
2026-05-08 12:20:00,G1-20260508-0153,2026-05-08,12:20,GRUPO 1,-38.741173,-72.592964,fotos/G1_wsp_antes/IMG-20260508-WA0066.jpg,,Mantención de Señalética,
2026-05-08 12:26:00,G1-20260508-0154,2026-05-08,12:26,GRUPO 1,-38.741199,-72.592010,fotos/G1_wsp_antes/IMG-20260508-WA0128.jpg,fotos/G1_wsp_despues/IMG-20260508-WA0143.jpg,Mantención de Señalética,
2026-05-08 16:45:00,G1-20260508-0155,2026-05-08,16:45,GRUPO 1,-38.724121,-72.633194,fotos/G1_wsp_antes/IMG-20260508-WA0150.jpg,fotos/G1_wsp_despues/IMG-20260508-WA0163.jpg,Mantención de Señalética,
2026-05-11 09:24:00,G1-20260511-0156,2026-05-11,09:24,GRUPO 1,-38.739941,-72.579704,fotos/G1_wsp_antes/IMG-20260511-WA0006.jpg,fotos/G1_wsp_despues/IMG-20260511-WA0135.jpg,Mantención de Señalética,
2026-05-11 17:55:00,G1-20260511-0157,2026-05-11,17:55,GRUPO 1,-38.724945,-72.610252,fotos/G1_wsp_antes/IMG-20260511-WA0137.jpg,fotos/G1_wsp_despues/IMG-20260511-WA0143.jpg,Mantención de Señalética,
2026-05-12 09:42:00,G1-20260512-0158,2026-05-12,09:42,GRUPO 1,-38.724690,-72.610578,fotos/G1_wsp_antes/IMG-20260512-WA0021.jpg,fotos/G1_wsp_despues/IMG-20260512-WA0107.jpg,Mantención de Señalética,
2026-05-12 15:50:00,G1-20260512-0159,2026-05-12,15:50,GRUPO 1,-38.753902,-72.625961,fotos/G1_wsp_antes/IMG-20260512-WA0114.jpg,,Mantención de Señalética,
2026-05-12 16:29:00,G1-20260512-0160,2026-05-12,16:29,GRUPO 1,-38.753948,-72.625946,fotos/G1_wsp_antes/IMG-20260512-WA0159.jpg,,Mantención de Señalética,
2026-05-13 09:17:00,G1-20260513-0161,2026-05-13,09:17,GRUPO 1,-38.753933,-72.626945,fotos/G1_wsp_antes/IMG-20260513-WA0016.jpg,fotos/G1_wsp_despues/IMG-20260513-WA0055.jpg,Mantención de Señalética,
2026-05-13 11:27:00,G1-20260513-0162,2026-05-13,11:27,GRUPO 1,-38.754044,-72.626854,fotos/G1_wsp_antes/IMG-20260513-WA0059.jpg,,Mantención de Señalética,
2026-05-13 11:38:00,G1-20260513-0163,2026-05-13,11:38,GRUPO 1,-38.753849,-72.626396,fotos/G1_wsp_antes/IMG-20260513-WA0073.jpg,fotos/G1_wsp_despues/IMG-20260513-WA0097.jpg,Mantención de Señalética,
2026-05-13 12:35:00,G1-20260513-0164,2026-05-13,12:35,GRUPO 1,-38.754269,-72.627190,fotos/G1_wsp_antes/IMG-20260513-WA0105.jpg,fotos/G1_wsp_despues/IMG-20260513-WA0240.jpg,Mantención de Señalética,
2026-05-14 08:29:00,G1-20260514-0165,2026-05-14,08:29,GRUPO 1,-38.734100,-72.590874,fotos/G1_wsp_antes/IMG-20260514-WA0011.jpg,fotos/G1_wsp_despues/IMG-20260514-WA0215.jpg,Mantención de Señalética,
2026-05-14 15:56:00,G1-20260514-0166,2026-05-14,15:56,GRUPO 1,-38.733177,-72.596024,fotos/G1_wsp_antes/IMG-20260514-WA0216.jpg,fotos/G1_wsp_despues/IMG-20260514-WA0226.jpg,Mantención de Señalética,
2026-05-14 16:27:00,G1-20260514-0167,2026-05-14,16:27,GRUPO 1,-38.733150,-72.597115,fotos/G1_wsp_antes/IMG-20260514-WA0251.jpg,fotos/G1_wsp_despues/IMG-20260514-WA0278.jpg,Mantención de Señalética,
2026-05-18 07:33:00,G1-20260518-0168,2026-05-18,07:33,GRUPO 1,-38.729061,-72.610435,fotos/G1_wsp_antes/IMG-20260518-WA0005.jpg,fotos/G1_wsp_despues/IMG-20260518-WA0056.jpg,Mantención de Señalética,
2026-05-18 11:23:00,G1-20260518-0169,2026-05-18,11:23,GRUPO 1,-38.728302,-72.609962,fotos/G1_wsp_antes/IMG-20260518-WA0061.jpg,fotos/G1_wsp_despues/IMG-20260518-WA0086.jpg,Mantención de Señalética,
2026-05-18 12:28:00,G1-20260518-0170,2026-05-18,12:28,GRUPO 1,-38.727226,-72.602669,fotos/G1_wsp_antes/IMG-20260518-WA0087.jpg,fotos/G1_wsp_despues/IMG-20260518-WA0152.jpg,Mantención de Señalética,
2026-05-18 16:04:00,G1-20260518-0171,2026-05-18,16:04,GRUPO 1,-38.753909,-72.627229,fotos/G1_wsp_antes/IMG-20260518-WA0190.jpg,,Mantención de Señalética,
2026-05-22 07:28:00,G1-20260522-0172,2026-05-22,07:28,GRUPO 1,-38.740089,-72.615280,fotos/G1_wsp_antes/IMG-20260522-WA0000.jpg,fotos/G1_wsp_despues/IMG-20260522-WA0014.jpg,Mantención de Señalética,
2026-05-22 09:25:00,G1-20260522-0173,2026-05-22,09:25,GRUPO 1,-38.739159,-72.617699,fotos/G1_wsp_antes/IMG-20260522-WA0021.jpg,fotos/G1_wsp_despues/IMG-20260522-WA0038.jpg,Mantención de Señalética,
2026-05-22 10:45:00,G1-20260522-0174,2026-05-22,10:45,GRUPO 1,-38.753849,-72.626015,fotos/G1_wsp_antes/IMG-20260522-WA0060.jpg,,Mantención de Señalética,
2026-05-22 11:48:00,G1-20260522-0175,2026-05-22,11:48,GRUPO 1,-38.739948,-72.579697,fotos/G1_wsp_antes/IMG-20260522-WA0077.jpg,fotos/G1_wsp_despues/IMG-20260522-WA0109.jpg,Mantención de Señalética,
2026-05-22 15:14:00,G1-20260522-0176,2026-05-22,15:14,GRUPO 1,-38.739986,-72.579605,fotos/G1_wsp_antes/IMG-20260522-WA0110.jpg,fotos/G1_wsp_despues/IMG-20260522-WA0136.jpg,Mantención de Señalética,
2026-05-22 16:42:00,G1-20260522-0177,2026-05-22,16:42,GRUPO 1,-38.714199,-72.634018,fotos/G1_wsp_antes/IMG-20260522-WA0140.jpg,,Mantención de Señalética,
2026-05-22 16:50:00,G1-20260522-0178,2026-05-22,16:50,GRUPO 1,-38.714741,-72.634949,fotos/G1_wsp_antes/IMG-20260522-WA0144.jpg,,Mantención de Señalética,
2026-05-22 17:16:00,G1-20260522-0179,2026-05-22,17:16,GRUPO 1,-38.711601,-72.653603,,,Mantención de Señalética,
2026-05-25 11:18:00,G1-20260525-0180,2026-05-25,11:18,GRUPO 1,-38.740089,-72.620277,fotos/G1_wsp_antes/IMG-20260525-WA0013.jpg,fotos/G1_wsp_despues/IMG-20260525-WA0104.jpg,Mantención de Señalética,
2026-05-25 17:44:00,G1-20260525-0181,2026-05-25,17:44,GRUPO 1,-38.740166,-72.620514,fotos/G1_wsp_antes/IMG-20260525-WA0105.jpg,,Mantención de Señalética,
2026-05-26 08:47:00,G1-20260526-0182,2026-05-26,08:47,GRUPO 1,-38.715016,-72.636394,fotos/G1_wsp_antes/IMG-20260526-WA0005.jpg,fotos/G1_wsp_despues/IMG-20260526-WA0143.jpg,Mantención de Señalética,
2026-05-26 15:54:00,G1-20260526-0183,2026-05-26,15:54,GRUPO 1,-38.714893,-72.638504,fotos/G1_wsp_antes/IMG-20260526-WA0145.jpg,fotos/G1_wsp_despues/IMG-20260526-WA0163.jpg,Mantención de Señalética,
2026-05-26 16:49:00,G1-20260526-0184,2026-05-26,16:49,GRUPO 1,-38.714088,-72.644287,fotos/G1_wsp_antes/IMG-20260526-WA0169.jpg,,Mantención de Señalética,
2026-05-26 17:18:00,G1-20260526-0185,2026-05-26,17:18,GRUPO 1,-38.713940,-72.645638,,,Mantención de Señalética,
2026-05-27 09:03:00,G1-20260527-0186,2026-05-27,09:03,GRUPO 1,-38.713444,-72.646698,fotos/G1_wsp_antes/IMG-20260527-WA0002.jpg,fotos/G1_wsp_despues/IMG-20260527-WA0007.jpg,Mantención de Señalética,
2026-05-27 09:25:00,G1-20260527-0187,2026-05-27,09:25,GRUPO 1,-38.712879,-72.649193,fotos/G1_wsp_antes/IMG-20260527-WA0011.jpg,fotos/G1_wsp_despues/IMG-20260527-WA0016.jpg,Mantención de Señalética,
2026-05-27 09:48:00,G1-20260527-0188,2026-05-27,09:48,GRUPO 1,-38.712498,-72.650032,fotos/G1_wsp_antes/IMG-20260527-WA0017.jpg,fotos/G1_wsp_despues/IMG-20260527-WA0043.jpg,Mantención de Señalética,
2026-05-27 11:48:00,G1-20260527-0189,2026-05-27,11:48,GRUPO 1,-38.724319,-72.612350,fotos/G1_wsp_antes/IMG-20260527-WA0066.jpg,fotos/G1_wsp_despues/IMG-20260527-WA0099.jpg,Mantención de Señalética,
2026-05-27 15:40:00,G1-20260527-0190,2026-05-27,15:40,GRUPO 1,-38.708000,-72.623268,fotos/G1_wsp_antes/IMG-20260527-WA0100.jpg,,Mantención de Señalética,
2026-05-27 15:55:00,G1-20260527-0191,2026-05-27,15:55,GRUPO 1,-38.709328,-72.623520,fotos/G1_wsp_antes/IMG-20260527-WA0104.jpg,fotos/G1_wsp_despues/IMG-20260527-WA0119.jpg,Mantención de Señalética,
2026-05-27 17:17:00,G1-20260527-0192,2026-05-27,17:17,GRUPO 1,-38.718376,-72.621193,,,Mantención de Señalética,
2026-05-28 07:52:00,G1-20260528-0193,2026-05-28,07:52,GRUPO 1,-38.709679,-72.636871,fotos/G1_wsp_antes/IMG-20260528-WA0004.jpg,fotos/G1_wsp_despues/IMG-20260528-WA0031.jpg,Mantención de Señalética,
2026-05-28 10:47:00,G1-20260528-0194,2026-05-28,10:47,GRUPO 1,-38.712635,-72.633728,fotos/G1_wsp_antes/IMG-20260528-WA0041.jpg,fotos/G1_wsp_despues/IMG-20260528-WA0062.jpg,Mantención de Señalética,
2026-06-16 18:27:00,G1-20260616-0195,2026-06-16,18:27,GRUPO 1,-38.739788,-72.578513,fotos/G1_wsp_antes/IMG-20260616-WA0082.jpg,fotos/G1_wsp_despues/IMG-20260616-WA0084.jpg,Mantención de Señalética,
2026-06-24 08:40:00,G1-20260624-0196,2026-06-24,08:40,GRUPO 1,-38.732215,-72.586677,fotos/G1_wsp_antes/IMG-20260624-WA0075.jpg,fotos/G1_wsp_despues/IMG-20260624-WA0105.jpg,Mantención de Señalética,
2026-06-30 08:39:00,G1-20260630-0197,2026-06-30,08:39,GRUPO 1,-38.737328,-72.581818,fotos/G1_wsp_antes/IMG-20260630-WA0019.jpg,fotos/G1_wsp_despues/IMG-20260630-WA0025.jpg,Mantención de Señalética,
2026-06-30 09:28:00,G1-20260630-0198,2026-06-30,09:28,GRUPO 1,-38.737175,-72.581879,fotos/G1_wsp_antes/IMG-20260630-WA0029.jpg,,Mantención de Señalética,
2026-06-30 09:48:00,G1-20260630-0199,2026-06-30,09:48,GRUPO 1,-38.736927,-72.581741,fotos/G1_wsp_antes/IMG-20260630-WA0031.jpg,,Mantención de Señalética,
2026-06-30 09:49:00,G1-20260630-0200,2026-06-30,09:49,GRUPO 1,-38.736797,-72.581726,fotos/G1_wsp_antes/IMG-20260630-WA0033.jpg,,Mantención de Señalética,
2026-06-30 10:03:00,G1-20260630-0201,2026-06-30,10:03,GRUPO 1,-38.736679,-72.581772,fotos/G1_wsp_antes/IMG-20260630-WA0083.jpg,fotos/G1_wsp_despues/IMG-20260630-WA0137.jpg,Mantención de Señalética,
2026-06-30 15:20:00,G1-20260630-0202,2026-06-30,15:20,GRUPO 1,-38.732750,-72.583405,fotos/G1_wsp_antes/IMG-20260630-WA0157.jpg,fotos/G1_wsp_despues/IMG-20260630-WA0156.jpg,Mantención de Señalética,
2026-06-30 15:48:00,G1-20260630-0203,2026-06-30,15:48,GRUPO 1,-38.733135,-72.580788,fotos/G1_wsp_antes/IMG-20260630-WA0166.jpg,fotos/G1_wsp_despues/IMG-20260630-WA0168.jpg,Mantención de Señalética,
2026-06-30 16:19:00,G1-20260630-0204,2026-06-30,16:19,GRUPO 1,-38.733463,-72.579048,fotos/G1_wsp_antes/IMG-20260630-WA0169.jpg,fotos/G1_wsp_despues/IMG-20260630-WA0175.jpg,Mantención de Señalética,
2026-06-30 16:29:00,G1-20260630-0205,2026-06-30,16:29,GRUPO 1,-38.733337,-72.579071,fotos/G1_wsp_antes/IMG-20260630-WA0182.jpg,fotos/G1_wsp_despues/IMG-20260630-WA0183.jpg,Mantención de Señalética,
2026-06-30 16:51:00,G1-20260630-0206,2026-06-30,16:51,GRUPO 1,-38.733643,-72.577362,fotos/G1_wsp_antes/IMG-20260519-WA0246.jpg,,Mantención de Señalética,
2026-07-01 00:14:00,G1-20260701-0207,2026-07-01,00:14,GRUPO 1,-38.725117,-72.625427,fotos/G1_wsp_antes/IMG-20260701-WA0002.jpg,fotos/G1_wsp_despues/IMG-20260701-WA0013.jpg,Mantención de Señalética,
2026-07-01 09:30:00,G1-20260701-0208,2026-07-01,09:30,GRUPO 1,-38.734871,-72.593651,fotos/G1_wsp_antes/IMG-20260701-WA0035.jpg,fotos/G1_wsp_despues/IMG-20260701-WA0036.jpg,Mantención de Señalética,
2026-07-01 10:32:00,G1-20260701-0209,2026-07-01,10:32,GRUPO 1,-38.734554,-72.593567,fotos/G1_wsp_antes/IMG-20260701-WA0052.jpg,fotos/G1_wsp_despues/IMG-20260701-WA0053.jpg,Mantención de Señalética,
2026-07-01 11:38:00,G1-20260701-0210,2026-07-01,11:38,GRUPO 1,-38.734501,-72.593613,fotos/G1_wsp_antes/IMG-20260701-WA0128.jpg,fotos/G1_wsp_despues/IMG-20260701-WA0156.jpg,Mantención de Señalética,
2026-07-01 16:27:00,G1-20260701-0211,2026-07-01,16:27,GRUPO 1,-38.735153,-72.597755,,,Mantención de Señalética,
2026-07-02 09:00:00,G1-20260702-0212,2026-07-02,09:00,GRUPO 1,-38.734299,-72.596107,fotos/G1_wsp_antes/IMG-20260702-WA0001.jpg,fotos/G1_wsp_despues/IMG-20260702-WA0113.jpg,Mantención de Señalética,
2026-07-03 08:41:00,G1-20260703-0213,2026-07-03,08:41,GRUPO 1,-38.748669,-72.617867,fotos/G1_wsp_antes/IMG-20260703-WA0056.jpg,fotos/G1_wsp_despues/IMG-20260703-WA0080.jpg,Mantención de Señalética,
2026-07-03 14:49:00,G1-20260703-0214,2026-07-03,14:49,GRUPO 1,-38.748631,-72.617859,,,Mantención de Señalética,
2026-07-07 09:00:00,G1-20260707-0215,2026-07-07,09:00,GRUPO 1,-38.757806,-72.654475,fotos/G1_wsp_antes/IMG-20260707-WA0014.jpg,fotos/G1_wsp_despues/IMG-20260707-WA0090.jpg,Mantención de Señalética,
2026-07-08 09:37:00,G1-20260708-0216,2026-07-08,09:37,GRUPO 1,-38.742784,-72.597174,fotos/G1_wsp_antes/IMG-20260708-WA0033.jpg,fotos/G1_wsp_despues/IMG-20260708-WA0058.jpg,Mantención de Señalética,
2026-07-08 10:39:00,G1-20260708-0217,2026-07-08,10:39,GRUPO 1,-38.743075,-72.594432,fotos/G1_wsp_antes/IMG-20260708-WA0098.jpg,fotos/G1_wsp_despues/IMG-20260708-WA0105.jpg,Mantención de Señalética,
2026-07-08 11:45:00,G1-20260708-0218,2026-07-08,11:45,GRUPO 1,-38.737054,-72.623263,fotos/G1_wsp_antes/IMG-20260708-WA0145.jpg,fotos/G1_wsp_despues/IMG-20260708-WA0146.jpg,Mantención de Señalética,
2026-07-08 13:09:00,G1-20260708-0219,2026-07-08,13:09,GRUPO 1,-38.741655,-72.604244,fotos/G1_wsp_antes/IMG-20260708-WA0147.jpg,fotos/G1_wsp_despues/IMG-20260708-WA0158.jpg,Mantención de Señalética,
2026-07-08 15:09:00,G1-20260708-0220,2026-07-08,15:09,GRUPO 1,-38.742780,-72.597093,fotos/G1_wsp_antes/IMG-20260708-WA0167.jpg,,Mantención de Señalética,
2026-07-08 15:24:00,G1-20260708-0221,2026-07-08,15:24,GRUPO 1,-38.743020,-72.594688,fotos/G1_wsp_antes/IMG-20260708-WA0185.jpg,fotos/G1_wsp_despues/IMG-20260708-WA0186.jpg,Mantención de Señalética,
2026-07-08 15:52:00,G1-20260708-0222,2026-07-08,15:52,GRUPO 1,-38.737669,-72.621639,fotos/G1_wsp_antes/IMG-20260708-WA0244.jpg,fotos/G1_wsp_despues/IMG-20260708-WA0257.jpg,Mantención de Señalética,
2026-07-08 18:02:00,G1-20260708-0223,2026-07-08,18:02,GRUPO 1,-38.738027,-72.620741,,,Mantención de Señalética,
2026-07-09 09:10:00,G1-20260709-0224,2026-07-09,09:10,GRUPO 1,-38.756850,-72.738780,fotos/G1_wsp_antes/IMG-20260709-WA0005.jpg,fotos/G1_wsp_despues/IMG-20260709-WA0065.jpg,Mantención de Señalética,
2026-07-09 12:54:00,G1-20260709-0225,2026-07-09,12:54,GRUPO 1,-38.760600,-72.742089,fotos/G1_wsp_antes/IMG-20260709-WA0100.jpg,fotos/G1_wsp_despues/IMG-20260709-WA0101.jpg,Mantención de Señalética,
2026-07-09 16:15:00,G1-20260709-0226,2026-07-09,16:15,GRUPO 1,-38.765870,-72.744356,fotos/G1_wsp_antes/IMG-20260709-WA0102.jpg,fotos/G1_wsp_despues/IMG-20260709-WA0130.jpg,Mantención de Señalética,
2026-07-09 17:01:00,G1-20260709-0227,2026-07-09,17:01,GRUPO 1,-38.772665,-72.753614,fotos/G1_wsp_antes/IMG-20260709-WA0150.jpg,fotos/G1_wsp_despues/IMG-20260709-WA0151.jpg,Mantención de Señalética,
2026-07-09 17:40:00,G1-20260709-0228,2026-07-09,17:40,GRUPO 1,-38.766588,-72.775980,fotos/G1_wsp_antes/IMG-20260709-WA0173.jpg,fotos/G1_wsp_despues/IMG-20260709-WA0174.jpg,Mantención de Señalética,
2026-07-10 08:43:00,G1-20260710-0229,2026-07-10,08:43,GRUPO 1,-38.762786,-72.765111,fotos/G1_wsp_antes/IMG-20260710-WA0038.jpg,fotos/G1_wsp_despues/IMG-20260710-WA0072.jpg,Mantención de Señalética,
2026-07-10 11:55:00,G1-20260710-0230,2026-07-10,11:55,GRUPO 1,-38.762367,-72.741683,fotos/G1_wsp_antes/IMG-20260710-WA0091.jpg,fotos/G1_wsp_despues/IMG-20260710-WA0092.jpg,Mantención de Señalética,
2026-07-10 12:30:00,G1-20260710-0231,2026-07-10,12:30,GRUPO 1,-38.762690,-72.744343,fotos/G1_wsp_antes/IMG-20260710-WA0093.jpg,,Mantención de Señalética,
2026-07-10 12:33:00,G1-20260710-0232,2026-07-10,12:33,GRUPO 1,-38.762912,-72.744652,fotos/G1_wsp_antes/IMG-20260710-WA0133.jpg,fotos/G1_wsp_despues/IMG-20260710-WA0137.jpg,Mantención de Señalética,
2026-07-10 16:22:00,G1-20260710-0233,2026-07-10,16:22,GRUPO 1,-38.771708,-72.766460,fotos/G1_wsp_antes/IMG-20260710-WA0140.jpg,fotos/G1_wsp_despues/IMG-20260710-WA0142.jpg,Mantención de Señalética,
2026-07-10 16:33:00,G1-20260710-0234,2026-07-10,16:33,GRUPO 1,-38.771247,-72.765313,fotos/G1_wsp_antes/IMG-20260710-WA0145.jpg,,Mantención de Señalética,
2026-07-10 16:38:00,G1-20260710-0235,2026-07-10,16:38,GRUPO 1,-38.770707,-72.763050,fotos/G1_wsp_antes/IMG-20260710-WA0156.jpg,fotos/G1_wsp_despues/IMG-20260710-WA0157.jpg,Mantención de Señalética,
2026-07-10 16:58:00,G1-20260710-0236,2026-07-10,16:58,GRUPO 1,-38.763990,-72.753672,fotos/G1_wsp_antes/IMG-20260710-WA0162.jpg,fotos/G1_wsp_despues/IMG-20260710-WA0163.jpg,Mantención de Señalética,
2026-07-10 17:07:00,G1-20260710-0237,2026-07-10,17:07,GRUPO 1,-38.766454,-72.757471,,,Mantención de Señalética,
2026-07-13 08:17:00,G1-20260713-0238,2026-07-13,08:17,GRUPO 1,-38.770755,-72.758668,fotos/G1_wsp_antes/IMG-20260713-WA0028.jpg,fotos/G1_wsp_despues/IMG-20260713-WA0075.jpg,Mantención de Señalética,
2026-07-13 11:31:00,G1-20260713-0239,2026-07-13,11:31,GRUPO 1,-38.772333,-72.750343,fotos/G1_wsp_antes/IMG-20260713-WA0076.jpg,fotos/G1_wsp_despues/IMG-20260713-WA0077.jpg,Mantención de Señalética,
2026-07-13 11:43:00,G1-20260713-0240,2026-07-13,11:43,GRUPO 1,-38.771651,-72.751595,fotos/G1_wsp_antes/IMG-20260713-WA0093.jpg,fotos/G1_wsp_despues/IMG-20260713-WA0094.jpg,Mantención de Señalética,
2026-07-13 12:25:00,G1-20260713-0241,2026-07-13,12:25,GRUPO 1,-38.770707,-72.762648,fotos/G1_wsp_antes/IMG-20260709-WA0098.jpg,fotos/G1_wsp_despues/IMG-20260713-WA0106.jpg,Mantención de Señalética,
2026-07-13 12:44:00,G1-20260713-0242,2026-07-13,12:44,GRUPO 1,-38.761648,-72.747169,fotos/G1_wsp_antes/IMG-20260713-WA0145.jpg,fotos/G1_wsp_despues/IMG-20260713-WA0146.jpg,Mantención de Señalética,
2026-07-13 15:49:00,G1-20260713-0243,2026-07-13,15:49,GRUPO 1,-38.756374,-72.739731,fotos/G1_wsp_antes/IMG-20260713-WA0156.jpg,fotos/G1_wsp_despues/IMG-20260713-WA0157.jpg,Mantención de Señalética,
2026-07-13 16:18:00,G1-20260713-0244,2026-07-13,16:18,GRUPO 1,-38.760746,-72.757500,fotos/G1_wsp_antes/IMG-20260713-WA0167.jpg,fotos/G1_wsp_despues/IMG-20260713-WA0168.jpg,Mantención de Señalética,
2026-07-13 16:57:00,G1-20260713-0245,2026-07-13,16:57,GRUPO 1,-38.763155,-72.757759,fotos/G1_wsp_antes/IMG-20260713-WA0178.jpg,fotos/G1_wsp_despues/IMG-20260713-WA0179.jpg,Mantención de Señalética,
2026-07-13 17:06:00,G1-20260713-0246,2026-07-13,17:06,GRUPO 1,-38.763160,-72.757829,fotos/G1_wsp_antes/IMG-20260713-WA0234.jpg,fotos/G1_wsp_despues/IMG-20260713-WA0238.jpg,Mantención de Señalética,
2026-07-14 09:27:00,G1-20260714-0247,2026-07-14,09:27,GRUPO 1,-38.771687,-72.766343,fotos/G1_wsp_antes/IMG-20260714-WA0008.jpg,fotos/G1_wsp_despues/IMG-20260714-WA0040.jpg,Mantención de Señalética,
2026-07-14 10:42:00,G1-20260714-0248,2026-07-14,10:42,GRUPO 1,-38.765408,-72.745740,fotos/G1_wsp_antes/IMG-20260714-WA0041.jpg,fotos/G1_wsp_despues/IMG-20260714-WA0052.jpg,Mantención de Señalética,
2026-07-14 11:00:00,G1-20260714-0249,2026-07-14,11:00,GRUPO 1,-38.764880,-72.748243,fotos/G1_wsp_antes/IMG-20260714-WA0094.jpg,fotos/G1_wsp_despues/IMG-20260714-WA0109.jpg,Mantención de Señalética,
2026-07-14 12:02:00,G1-20260714-0250,2026-07-14,12:02,GRUPO 1,-38.717030,-72.696870,fotos/G1_wsp_antes/IMG-20260714-WA0157.jpg,fotos/G1_wsp_despues/IMG-20260714-WA0183.jpg,Mantención de Señalética,
2026-07-15 08:43:00,G1-20260715-0251,2026-07-15,08:43,GRUPO 1,-38.730278,-72.624259,fotos/G1_wsp_antes/IMG-20260714-WA0168.jpg,fotos/G1_wsp_despues/IMG-20260715-WA0025.jpg,Mantención de Señalética,
2026-07-15 10:23:00,G1-20260715-0252,2026-07-15,10:23,GRUPO 1,-38.730291,-72.624299,fotos/G1_wsp_antes/IMG-20260715-WA0028.jpg,fotos/G1_wsp_despues/IMG-20260715-WA0031.jpg,Mantención de Señalética,
2026-07-15 10:35:00,G1-20260715-0253,2026-07-15,10:35,GRUPO 1,-38.730302,-72.624392,fotos/G1_wsp_antes/IMG-20260715-WA0033.jpg,fotos/G1_wsp_despues/IMG-20260715-WA0034.jpg,Mantención de Señalética,
2026-07-15 10:36:00,G1-20260715-0254,2026-07-15,10:36,GRUPO 1,-38.730286,-72.624373,fotos/G1_wsp_antes/IMG-20260715-WA0045.jpg,fotos/G1_wsp_despues/IMG-20260715-WA0047.jpg,Mantención de Señalética,
2026-07-15 11:29:00,G1-20260715-0255,2026-07-15,11:29,GRUPO 1,-38.730282,-72.624326,,,Mantención de Señalética,
2026-07-15 11:43:00,G1-20260715-0256,2026-07-15,11:43,GRUPO 1,-38.730414,-72.623631,fotos/G1_wsp_antes/IMG-20260715-WA0057.jpg,fotos/G1_wsp_despues/IMG-20260715-WA0064.jpg,Mantención de Señalética,
2026-07-15 12:12:00,G1-20260715-0257,2026-07-15,12:12,GRUPO 1,-38.730644,-72.623268,fotos/G1_wsp_antes/IMG-20260715-WA0089.jpg,fotos/G1_wsp_despues/IMG-20260715-WA0092.jpg,Mantención de Señalética,
2026-07-15 15:39:00,G1-20260715-0258,2026-07-15,15:39,GRUPO 1,-38.730682,-72.623280,fotos/G1_wsp_antes/IMG-20260715-WA0100.jpg,fotos/G1_wsp_despues/IMG-20260715-WA0117.jpg,Mantención de Señalética,
2026-07-15 16:46:00,G1-20260715-0259,2026-07-15,16:46,GRUPO 1,-38.737195,-72.597082,fotos/G1_wsp_antes/IMG-20260715-WA0119.jpg,fotos/G1_wsp_despues/IMG-20260715-WA0140.jpg,Mantención de Señalética,
2026-07-15 17:46:00,G1-20260715-0260,2026-07-15,17:46,GRUPO 1,-38.732154,-72.618189,fotos/G1_wsp_antes/IMG-20260701-WA0155.jpg,fotos/G1_wsp_despues/IMG-20260701-WA0129.jpg,Mantención de Señalética,
2026-07-17 07:43:00,G1-20260717-0261,2026-07-17,07:43,GRUPO 1,-38.764871,-72.748228,fotos/G1_wsp_antes/IMG-20260714-WA0051.jpg,fotos/G1_wsp_despues/IMG-20260717-WA0122.jpg,Mantención de Señalética,
2026-07-17 17:55:00,G1-20260717-0262,2026-07-17,17:55,GRUPO 1,-38.732805,-72.574154,,,Mantención de Señalética,
2026-07-20 08:38:00,G1-20260720-0263,2026-07-20,08:38,GRUPO 1,-38.729010,-72.609853,fotos/G1_wsp_antes/IMG-20260720-WA0031.jpg,,Mantención de Señalética,
2026-07-20 11:16:00,G1-20260720-0264,2026-07-20,11:16,GRUPO 1,-38.734333,-72.596062,fotos/G1_wsp_antes/IMG-20260720-WA0038.jpg,fotos/G1_wsp_despues/IMG-20260720-WA0039.jpg,Mantención de Señalética,
2026-07-20 12:25:00,G1-20260720-0265,2026-07-20,12:25,GRUPO 1,-38.734293,-72.596059,fotos/G1_wsp_antes/IMG-20260720-WA0084.jpg,fotos/G1_wsp_despues/IMG-20260720-WA0089.jpg,Mantención de Señalética,
2026-07-20 18:18:00,G1-20260720-0266,2026-07-20,18:18,GRUPO 1,-38.735137,-72.598055,,,Mantención de Señalética,
2026-07-21 08:45:00,G1-20260721-0267,2026-07-21,08:45,GRUPO 1,-38.727227,-72.602698,fotos/G1_wsp_antes/IMG-20260721-WA0004.jpg,fotos/G1_wsp_despues/IMG-20260721-WA0052.jpg,Mantención de Señalética,
2026-07-21 12:20:00,G1-20260721-0268,2026-07-21,12:20,GRUPO 1,-38.716957,-72.566041,fotos/G1_wsp_antes/IMG-20260721-WA0071.jpg,fotos/G1_wsp_despues/IMG-20260721-WA0085.jpg,Mantención de Señalética,
2026-07-21 16:45:00,G1-20260721-0269,2026-07-21,16:45,GRUPO 1,-38.735051,-72.599524,fotos/G1_wsp_antes/IMG-20260721-WA0088.jpg,fotos/G1_wsp_despues/IMG-20260721-WA0089.jpg,Mantención de Señalética,
2026-07-21 16:57:00,G1-20260721-0270,2026-07-21,16:57,GRUPO 1,-38.735129,-72.599368,fotos/G1_wsp_antes/IMG-20260721-WA0111.jpg,fotos/G1_wsp_despues/IMG-20260721-WA0112.jpg,Mantención de Señalética,
2026-07-21 18:31:00,G1-20260721-0271,2026-07-21,18:31,GRUPO 1,-38.720800,-72.570405,fotos/G1_wsp_antes/IMG-20260721-WA0119.jpg,fotos/G1_wsp_despues/IMG-20260721-WA0125.jpg,Mantención de Señalética,
2026-07-22 08:21:00,G1-20260722-0272,2026-07-22,08:21,GRUPO 1,-38.732552,-72.602341,fotos/G1_wsp_antes/IMG-20260722-WA0001.jpg,fotos/G1_wsp_despues/IMG-20260722-WA0011.jpg,Mantención de Señalética,
2026-07-22 09:49:00,G1-20260722-0273,2026-07-22,09:49,GRUPO 1,-38.730346,-72.623961,fotos/G1_wsp_antes/IMG-20260722-WA0021.jpg,fotos/G1_wsp_despues/IMG-20260722-WA0022.jpg,Mantención de Señalética,
2026-07-22 10:10:00,G1-20260722-0274,2026-07-22,10:10,GRUPO 1,-38.730343,-72.624003,fotos/G1_wsp_antes/IMG-20260722-WA0025.jpg,fotos/G1_wsp_despues/IMG-20260722-WA0024.jpg,Mantención de Señalética,
2026-07-22 10:16:00,G1-20260722-0275,2026-07-22,10:16,GRUPO 1,-38.730752,-72.623518,fotos/G1_wsp_antes/IMG-20260722-WA0037.jpg,fotos/G1_wsp_despues/IMG-20260722-WA0036.jpg,Mantención de Señalética,
2026-07-22 10:39:00,G1-20260722-0276,2026-07-22,10:39,GRUPO 1,-38.730827,-72.622703,fotos/G1_wsp_antes/IMG-20260722-WA0039.jpg,fotos/G1_wsp_despues/IMG-20260722-WA0040.jpg,Mantención de Señalética,
2026-07-22 10:50:00,G1-20260722-0277,2026-07-22,10:50,GRUPO 1,-38.731045,-72.622348,fotos/G1_wsp_antes/IMG-20260722-WA0052.jpg,fotos/G1_wsp_despues/IMG-20260722-WA0074.jpg,Mantención de Señalética,
2026-07-28 07:12:00,G1-20260728-0278,2026-07-28,07:12,GRUPO 1,-38.735087,-72.597731,fotos/G1_wsp_antes/IMG-20260728-WA0000.jpg,fotos/G1_wsp_despues/IMG-20260728-WA0035.jpg,Mantención de Señalética,
2026-07-28 11:34:00,G1-20260728-0279,2026-07-28,11:34,GRUPO 1,-38.730585,-72.623473,fotos/G1_wsp_antes/IMG-20260728-WA0039.jpg,fotos/G1_wsp_despues/IMG-20260728-WA0060.jpg,Mantención de Señalética,
2026-07-28 12:52:00,G1-20260728-0280,2026-07-28,12:52,GRUPO 1,-38.754193,-72.644326,fotos/G1_wsp_antes/IMG-20260728-WA0048.jpg,,Mantención de Señalética,
2026-07-29 08:37:00,G1-20260729-0281,2026-07-29,08:37,GRUPO 1,-38.767548,-72.760705,fotos/G1_wsp_antes/IMG-20260729-WA0049.jpg,fotos/G1_wsp_despues/IMG-20260729-WA0095.jpg,Mantención de Señalética,
2026-07-29 14:54:00,G1-20260729-0282,2026-07-29,14:54,GRUPO 1,-38.767380,-72.760510,,,Mantención de Señalética,
2026-08-03 11:04:00,G1-20260803-0283,2026-08-03,11:04,GRUPO 1,-38.760273,-72.640092,fotos/G1_wsp_antes/IMG-20260803-WA0021.jpg,fotos/G1_wsp_despues/IMG-20260803-WA0023.jpg,Mantención de Señalética,
2026-08-03 11:27:00,G1-20260803-0284,2026-08-03,11:27,GRUPO 1,-38.760423,-72.639785,fotos/G1_wsp_antes/IMG-20260803-WA0026.jpg,fotos/G1_wsp_despues/IMG-20260803-WA0049.jpg,Mantención de Señalética,
2026-08-03 15:38:00,G1-20260803-0285,2026-08-03,15:38,GRUPO 1,-38.688159,-72.651206,fotos/G1_wsp_antes/IMG-20260803-WA0051.jpg,fotos/G1_wsp_despues/IMG-20260803-WA0050.jpg,Mantención de Señalética,
2026-08-03 15:58:00,G1-20260803-0286,2026-08-03,15:58,GRUPO 1,-38.688335,-72.651143,fotos/G1_wsp_antes/IMG-20260803-WA0053.jpg,fotos/G1_wsp_despues/IMG-20260803-WA0066.jpg,Mantención de Señalética,
2026-08-07 08:06:00,G1-20260807-0287,2026-08-07,08:06,GRUPO 1,-38.731032,-72.621875,fotos/G1_wsp_antes/IMG-20260807-WA0000.jpg,fotos/G1_wsp_despues/IMG-20260807-WA0147.jpg,Mantención de Señalética,
2026-08-20 08:50:00,G1-20260820-0288,2026-08-20,08:50,GRUPO 1,-38.731929,-72.619840,fotos/G1_wsp_antes/IMG-20260820-WA0002.jpg,fotos/G1_wsp_despues/IMG-20260820-WA0134.jpg,Mantención de Señalética,
2026-08-21 09:20:00,G1-20260821-0289,2026-08-21,09:20,GRUPO 1,-38.714653,-72.648909,fotos/G1_wsp_antes/IMG-20260821-WA0016.jpg,fotos/G1_wsp_despues/IMG-20260821-WA0093.jpg,Mantención de Señalética,
2026-08-21 15:42:00,G1-20260821-0290,2026-08-21,15:42,GRUPO 1,-38.714913,-72.649260,fotos/G1_wsp_antes/IMG-20260821-WA0096.jpg,fotos/G1_wsp_despues/IMG-20260821-WA0172.jpg,Mantención de Señalética,
